-- phpMyAdmin SQL Dump
-- version 5.1.1
-- https://www.phpmyadmin.net/
--
-- Máy chủ: 127.0.0.1
-- Thời gian đã tạo: Th1 18, 2022 lúc 11:52 PM
-- Phiên bản máy phục vụ: 10.4.21-MariaDB
-- Phiên bản PHP: 7.3.31

SET SQL_MODE = "NO_AUTO_VALUE_ON_ZERO";
START TRANSACTION;
SET time_zone = "+00:00";


/*!40101 SET @OLD_CHARACTER_SET_CLIENT=@@CHARACTER_SET_CLIENT */;
/*!40101 SET @OLD_CHARACTER_SET_RESULTS=@@CHARACTER_SET_RESULTS */;
/*!40101 SET @OLD_COLLATION_CONNECTION=@@COLLATION_CONNECTION */;
/*!40101 SET NAMES utf8mb4 */;

--
-- Cơ sở dữ liệu: `spotify`
--

-- --------------------------------------------------------

--
-- Cấu trúc bảng cho bảng `album`
--

CREATE TABLE `album` (
  `ma_ab` int(11) NOT NULL,
  `ten_ab` varchar(255) NOT NULL,
  `anh_ab` varchar(255) NOT NULL,
  `id_nghesi` int(11) NOT NULL
) ENGINE=InnoDB DEFAULT CHARSET=utf8mb4;

--
-- Đang đổ dữ liệu cho bảng `album`
--

INSERT INTO `album` (`ma_ab`, `ten_ab`, `anh_ab`, `id_nghesi`) VALUES
(1, 'Sky Tours', 'sky-tour-son-tung-mtp.jpg', 9),
(2, 'Chúng ta', 'chung-ta-son-tung-mtp.jpg', 9),
(5, 'spacespeakers', 'binz.jpg', 23),
(6, 'Album Hương Tràm', 'huong-tram.jpg', 10),
(7, 'Album Đen Vâu', 'denvau.jpg', 8),
(8, 'Album karik', 'krik.jpg', 25),
(9, 'Album Tuấn Hưng', 'tim-lai-bau-troi.jpg', 17),
(10, 'Album Dương Hồng Loan', 'duong-hong-loan.jpg', 27);

-- --------------------------------------------------------

--
-- Cấu trúc bảng cho bảng `anh`
--

CREATE TABLE `anh` (
  `id` int(11) NOT NULL,
  `anh` blob NOT NULL
) ENGINE=InnoDB DEFAULT CHARSET=utf8 COLLATE=utf8_unicode_ci;

--
-- Đang đổ dữ liệu cho bảng `anh`
--

INSERT INTO `anh` (`id`, `anh`) VALUES
(1, 0xffd8ffe000104a46494600010100000100010000ffdb0043000201010101010201010102020202020403020202020504040304060506060605060606070908060709070606080b08090a0a0a0a0a06080b0c0b0a0c090a0a0affdb004301020202020202050303050a0706070a0a0a0a0a0a0a0a0a0a0a0a0a0a0a0a0a0a0a0a0a0a0a0a0a0a0a0a0a0a0a0a0a0a0a0a0a0a0a0a0a0a0a0a0a0a0a0a0a0affc0001108008c008c03012200021101031101ffc4001d000002030101010101000000000000000005070608090402030100ffc400401000010303030302030604040406030000010203040506110007120821311341225161091423327191154281a162b1c1d124334372161752e1f0f125b2c2ffc4001c0100020301010101000000000000000000040503060702080100ffc40038110001030302050105070304030000000001020311000421051206133141516122718191b107142332a1c1f0154282162462d192b2f1ffda000c03010002110311003f0005d1ef47dd14517ecf547541be9bc6e3770cea1c89cdd459b8108914e7c255c10841255cc280ed8ee7f5d11e8eae5a45f5d0a1dc1ddbb91ea955a4d25fe7509ab0e3aa01c290afa1c01fb6accdbd6efd9f5bbf09d8b45a45bd538a8565c69944775b49f9e0761a656dff004d1d3cd62c1167eda5974f5d3d6c2d2cc5891d01047239c04f6c673aa6b7ad0173f8a095958544c9813803c99ed030315a36a166dbcc239436361b29e80093b44c80240da72a2544a89272672b58e93fa7adcedc47a6aeaf226ce53c4b8663a329007c382a23df4e1bdb66b6a6cee9f6e1a246421c988b6e721b284a0907eeeb23247d40d7cfaf1e8b2bfb79d41d31da14d5da7479337d79e844442d4e451c4a8208576c8c8f98ceb837e2dc76f4b561d0f6a2a34c663446a419f3954d5a14b64c7524323b82a249c9272063eba6975c705178d34da242a66411b23b2b1d7d280b2fb3db63a6bf70eb812a481b4020f302b329cf413926b1ed903d5e64fc4027f60a1a3f454071c2d807bb32139cfd0e81c86d4ccb58c6024a87eca1a274299e8d4929ed82e2d2028fcc6b416c806b1b78128a2f6f6e75d56fd3554aa6a990db83279339567e9ae9a15165cf9aaab5cac348697f11fbc49436493ef851cfefae2dbcdaddcfdd9b9a0597b576accaad4e72c842223055e921232a5a88fca9191951f1fa9d32f71fa34ddad94b46a372ee332dbed45a9c684fb4fabf10a9e41524a463e14f6c647739f3af9f786d2b085ab3e288469efbaca9d6d18ee454836a6f4d93b4e23f1abd6a53ea256821b43135a756beddf9201c8fe9a55ee6aa8d715c6f4fb4e8e6244e44a1bf71f4fa683b17458d21cf4aa566c4e485fe6650593c41ec949490529fafe623dfb9d326c4bff6bee72c5ab7429ba53cf3819a6bd15a2e80a200425de4464138caf964649231d81255bd312280e51695201a59344b4dfddde490a23c11a2941a2562528ac4757a78c8571eda93572d241a8ad87584f269c29738282805249046479ee35f5a95c336dd888621309292a01591a84026bf05a54722824eb7aa1498e662d5c90002524608d7ab5a25124cef56b2fa90da8f92ac007523aecf8d52b752e38da50e38ac9424ea152d2a6d25a5029f38f6d7ceb5da9013d2a7f48ab46a5d5bee56fd594a648f19c819d3fb6336b7792e38edd569b4491229c8750a0151ff003241f9fcb55ab6a2960cd32947d409215c543ce0e75acbd096ff006c95df6442b362cb86c54d2a6db7e33ea48567b0c007bebe3884aedd52622a5b56ca9f4e63f9d2917ba4aa76dddbec37745bb2696ecd052b5ba9213e7d8f8f1a276af479d2a5dd408d71cade85b4ecb6fd475b54a482951f2318d596ebced28159b5dab7576c4792d3aaca1c0948f4c609c8fdb1acaeb86f3a0d12bf3690e875afbb4a5b61049ec01c6aac94b894ef2cf33de7a56bbc337d62d072d5cbcfbb2a410600dc232338c1cd79e9d7a96bd364ac3a85a342b6a2295529495226c842b9b44f6ed8ec75b5bf6635dd56b3ba44b76bf09965f948a23aa78490485a8bab51ce0e7ceb303adfa674c368d3d9b2764d315e90d4c8de8fdc9f0f71231ea02a19c8ff005d6a0fd9d149323a40a0c779b5279d21c0a49f3ddc56936b2e31a8e9addf5ab65a716b9938561260d74d317ba4dfff004abbb94bedb6d0809fca9dca04a4fae3e515965f6c8f581bbbbefd4fd76cfabd5d54f836a3e23c56e9cfadb0e12da5593839c0e58c6963d1c5d57bd56aecd326dcf5290c39942997662d4939ede09d387edb7db4b7acbdd5935ca2c4e32ea1522a96e81dc8f45381fd86953d014444bbc69cd2c79928ce7fee1ab659db5b27406c6ccec9513d4aa254a9f24c9aa5dd5fdf3bc50b2e398dc0240c04a06129004080981ea726499aa8771c7543af4c8aa4e0b72de411f2c288ff004d7e525a72a15c8f01b905a53d29080e023209501db3db3fefa33bcd4c345dd7ba290a4e0c5b8a735c4ff8642d3ae7da9a446b9376adab7e6241667dc50587c2cfc3e9aa4b6159fa71e59fa674c77009dd55de592bd9f0ab7db1f647533b04d52b76f64ed5af5261d32d85dc175a24d6fd28b2695c14e3687da53416dacad294207c6a716bca4009275eab1d7e5fd7c57574aeadac5b72e4b7aa33e24798dd3e14989506d0b056d38c2dbf81d535dc1571e448f183916a2ab795c9b857ade9b2db0d336eeabb777429f6e7b305e4429b156b6b836e920a8bc503281cbe123010949ee63f6ded3ed842dc061adf9a5c6bb63c58862c68ef436e334852929429e5a5a03d478a1213c89c27e22900a89d576e352643aa53a8cf68eb1fb7e95a25a685748612d5bb9007507a4e3b6241f8cf7f354efaebe94369ed7a0c7df1e9aeba6b36ccb79489efc29a892882efc3c50be3f1379ee38ac020f6d568a7d5dc75294352df664b18f4d417c4a7be7235a1bf680ed4d82f5a51edcda0b45c66bb599288d03f87b67ef0eb09c10d2ca7bba9cf11f1f203cf6c675483753a70ddfda8aac183765b00bf325a22c75c094d3e1d7549e496886d4a28708cfc0a009c1c640ce8ed2af52edba772b26624e481f5aaff0010694b62ed6a423d9004903009fa4f8a93dad794fba7ef955a8b3cde5164c958ee56ef1295a8fd4f10a3f3249d1cfe16c5c0d853ad14a8afdd3ab0176593d206dd748566ed8edf4b15cdc565665ddb70c4a63cc36eca757c951f2e80a536d230d24e003c3901dce962688c4288d908f4cac92391c6346317a6e9a53fb54901446444c7f701e0d29d4f871cd3ef9ab6e6a14a71017ec99db320a55db7089f7107d040ae2b56a14379843ea01a52bb7d351cbd21a98799f4d23053dc8d4bf70675424c9444992470411c78abcea17599ca7e518eb51584760a2746db36e3adefa06fdb62cdc2d09edd6997b196d459b0d0b79182e61249f91206998eecc5c7b55d42d9f3a8b57763a67d7184875a563c10afd88d2d763ead20c8661329e5f889fdb23573abdb47755e3b87635c14d531299895d656f21acf34809f3e3c7d7503e8b9695918cd4ecaed1e6004fe611f5ab57d4cbf596f6ce9eea7948925924f11927e1edfdf597170ec55d753b86a151abd95254f3f35d7090c9380544e3b6b653702c44d52d9a73f2e136a6db67e3e40920e3e9a533d67509f90eae15a4db880e2815888b209cf7d03617d6cd370b4935deafa4dddcbfb90b8acb3a85e5b5fb62cb51dba205d4e41f5029b48094f7ce0fcb57cbece2fb4d28acd2236d05cf0950da8f1148852d40fa6ef270a8a7e8403fdb551ae5a574c141ba2456d6fc7a83c2492d1412f94a41ec3e5a0771ef2d15323d4b2e9ca848695969dc0463e5d8684d41ab3be404292ac1907c1fe62b4cd3741bbb5595971b48e9004c8f53e4f5ab11f6b3b14bde8be2254286ef26e4be49282014e118ff4ce939d26d88cd87b854f84ece4248909254a38f71a846e0ef3d62e461a79ca8175e4a47c4a5ff96855b4edf95e95fc7a8b712a22e2fc41cce7275636d84fdc02138c47e9595df3cb635f59398576a4bf57b0d8a7753db83162ac2da4de1502da927b14990a50c7f43afde8e7f8127aadb25eba25c6669ec564bd29c96d871b09432e2fba4f659c8184fb9206806f0c89d50dc2ab542ad2bd794f49538fbd9fceb3dc9d450b8a8d391210e14a90a242927041001c83a114d90d6c27b4576dbc9fbc7340ef31f19ad32b5e1d3af6aa22f4af5ff12e7729f242a9f5a95526a255e1e159f4d65ae25d6cf6050be49381a645dbbafb76b5b73664c8ecbcb18711cc2b0afa63ceb3db6cedd6efe6c2a3545f84f310d3f8ff007cc224bc11cd48193dd65014bc0cf649240f3a636dbed71b8ee38b4a62ad53a9485ac16e2b2b528f1f72727b247b93803dceaaba9e9c1a74f31ce99f85699a16b06ed90e25aeb8c9f18f79f99ab53b75795162dd92b729ea0d52bcaf504284dd1e6371e4c26d790b7da71d4a9285a41c838f2746fa44a774dbb91b9bff009bf765a751836fd9b599b06c0a7d5ea8d2d7224f27848a8bf9eeb4a16f3ccb28c9093cd6493c42645b777174e7d39d8cdc17633377dde5ac228702470834f73ff5cb978254a07fe8b5f11f05406aa96e76c35eccddf50bda916f7ff80972d729b7e9c525a87eaa8acb65a072d20294a09c8e3803be87e1b7acaf75152166081ecce27b63d63a7bc9a6dc5da3f135b70d8d42d6d94a6777e21009311bb71104840220a8c098134c1eb3616db52b78ff008b6dd88cb6e7c8264468aea548491fcc38f604fb8d22b756f14b09661260942d2543248c771a9acbd87dd47e3459f6fd092fb2b6c292a4ac0c1fd353fb0ba339fb834f69dbd29c187c0ce54e8c8d5f4283082dab22b0d2e5c5cde071208355585bd4eaf440f54270f507707ebedae9db1e9c2e5dddbf62d9d6afa45721592ec8ca52da73e4e06ae04cfb3cadb84daf94f6d38f1851234029bb5d75f4dd7122ebb37d590eb4bc928483d87f2f7d116f72d8c26b8bbb5bb2372eac9ec97d9a140d99da2fe275a669ce4e545515bb1e3153cb563c05287feda426cf6e7ee6ed3f59506912aab23f80a16162972169e44648ed90403e75f0dd7fb46fab645a6e474c792c462d9436d0425238f8ef84e7fbeab75a5b91b9bb83ba716e8934e7997dae3852b2ae649279127cf9ec3d868810a10e6413fa50bb824ffb70410304c75ed5bdb6d5fb6bdfb4e8e29135282e34392168495e48f047cf46cc7a3dbc134e2dad781cb91424139d6546dfef0f5016e56189d408efb24603e42080b4fcff005d351fdd9ea7af674d721d4df8e938429a5159c103db3fae817ad2d9b70864fb34d74fd56f9eb70aba6e1cef1d2b365dda0de96a6391e97604e7119f84868eba19d88ea124b89322c292da0a8679f6edad76a655b6d9c50fbbdab18151f21a18ff002d1153f62bc4245023a71edc06a0296c2a7653d6aff52e48683e0088fe66b27c74b7bd55184d08967ba829f3819cebb68dd29752915a5c1894d763a1d1f178f1fd75ac34da2dbd5a506a14161a4fb716fc7f7d7748da4a2baa53cfcb40ede12d81a94dc12329a53fd3520c85cfad602750bb755fdaedcca859573b6a4ce8f1db71dcabb9e680b07f63a5e4e561f47048eeaec48ff09ff6d5b9fb642d68d6c75b7538f0082dc9b6e98f023dc960a4ff00fa6aa5080ed5aa51698c03ce43cd36938ce396539fe9e7fa6a07142371ae196d5cde5a726605336a37e5c1097b5755a4c253b2681436d2f456239e250a92f12a5a403c8ad95a4297f2033e069d73f7caa105a72814110e1a1de28541b7582d078f8c2dd24ad7f33957cf181a4f53ff0088cf8ad38d324257c9b8fc87e58c9c25b476f6edcbf53f4d4f76c6c37292d7f17948e4e818681f09ededf5d53f540d140e6f69c7924ce7dd5bdf0ddb39717416c27705048dc47e509484c81dca80073f2a6e6deb95ea7d150a54861c97ff0031a60a79331cf9e247f377f27f5d3f6c5bd2e7add7dcbdaf07696cc99b150d39128d4d112280900652d0240071dc7b92a3efa465ad35f836fa69f2299053970beecee4b2f84818f4c273c42327392092ae3e00393f1b745503d265a6d4b516f925907c8e5c5207d49f1faeaa4b2b0bf63cce2bd19a0bf6b69b1d7c2814a4a449ea0c49804ccc0ebf00055a4b66a96c3717eeb4ea7478fc8f600fc03f44fb7f4fdb4650cd4061c8adc54823b292924287cfceaacdd1bcf58a65303741286a504f1765e39705fba503e87b64f9d34f6437beefb629f44acdc12155588ea422a71a4213cdd49fe70a00614011dc7923be73ab269bc4ae32422ec4a7cf71ff0063f5aceb8f3ec9b42e235b8ff0f00cdc246e2818697e807f62bd40da7b8195068498758947f15e073e421bd73cbb59a988c4e8aa58fe60a6ce34fba55a74fbaa8912e1a046695126c743f1dce40652a1907f5f6fd468657ec4622b252fb490a03bf15eafa871950053debc957167756ee29b7410a492083d4106083ea0d20abbb6369d6a01833a88d14fb7e08eda054ad83b0a8939b994fa23685b6723e01dfe5a794ab2e3b990c073e43033a1154b3a5434fa812a03ea9d4e1690201a094ca8998a888644621b434903c0c231a9759d75d0a814a542aabe03aa78ac77f6200ff43a8f54e04a51c2149241f1f3d74527646f0bee27f1ba72b8b69596b1827ba7cff9eb95404d136884b8f6d70c0a290a9e0018481e3074463c024f74f7f7edafac4690900048247938d128edfc23927dbc688528f6a09b4835f08cd4b8cdfe03eea3fec5e35fcfaaa123b3931f50f705c3fefa28d31c86023f6d03dc8bf2d1da8b5dfbc2f49c188b1d24a5081971e5019e284fb9ff002d40ebcdb282b59000ef47d969f75a8dd22dad5054b59800773fcc9270064c0acc1fb6729260f547489e49c4bb3a1e463b9e0f3c8cff00f3e5aae1d3ed8aedff007faa2c24282a1534bc327ca8ac379fd96ad327ed02ea09eea437b3ff001d9a52e1c78d1510a1c658502db2959524107fee27dbc9d77fd9bb46b7e65fd5da9cd44a4c9a7d24b925e2b408c889cb3dc11cbd5e692739e3c01f7c6973aefde980b4080a8ebe247ed4d2dac51a57102adde505f2f7653d370415083dc05409ef13538b636f2d589595d16a1524b0a80efa4f34a42789381d81f25593e063eba9746a0d053556da5b6e22035212874c7482b08c8e4520f62719f3efa87f4ef4da75fb4773766ab2e4489b26a5509c217dd886e3a4ba5c6145cce179e78e18c8f4fdc1ecc7b32de71696eb55171a0cb72007595be90e2d5c4ac0e04f25021272a0303c1393aceb56528dfb906724feb5eb4e0bb7695c356bb9011b9294ce41c0091d7c9e9183d7bd463742acc5b2d3146a434eb4f4b74bef09007a886724348504f6078e1440f73a83dcb7e5529f7ebd45a28e3314d448f097e7d3714427901fe1e4a57ea06bd5f5742ae3be64cc75ccad4f9ce3b84a41f1a893b7233077b9cabb9103ca4539e5b056ac06d43e1e78f72390c7d483eda9ad6d84494c9da4fc706956b5ac2b9fb5b7084f312807b8480a04e075cce3bd36dd79cab48a6db305ce4a5e14e2c0f61e09fe833a7bd15a10ed58ac369186fe1493dbbe06927b1944932e0bb7ad49b56641f421f6cfc23f311f4f033fae9e90a3ad76da98ec5430aede0fd7e9a457036af6f8fad6b1c2885bb6eab95082b181ff0011d3e7d7e35737a47ba15076129cdd61e425289b284553bdc964b994e3e9c8ac0fd352cabddf4199c92a525c57f85a1a5874f4fa26ec6d154be254d25e69453f34bcbff71a6e6cd5916fddf35d62a0f04b893d93cbbeb54d38253a632aebeca7e82bc53c6ca71ce35d451007e33bff00b9faf5a8aad6b94a263531c4255f956b18074366c16253863d42a6d3591e3d4f6d49faa28378edbd312d5b9417de8eb49065c7190d7ea06aa74bdb6de1dc1bae354635eaf32c07c29f6c4ac029cfcb4624ad424605542e9eb6b4079a7f6a6a5e726d8b45d2a1502f288ec948ce75dfb65d5658168db6aa356daf41f4ca715c149c1e27183ae5a56dc59cfbe8a55c55143b35a480a779e727fd3466a7d32d8771bc8a88660ffcb09ecf7cbffbd7d3bf675935d593b62fac39fd846083335ee04169241e79f7d144c56d0704763a0b4d7d2a21417d8fb6745fef1eba024e063c68f50334b110689c56d869b04019f9eaa1f5e7796c5d6775a1d22f9b8a4ae55bd4f436b870690e4d4b2a5abd65170b6857a271c01ee9514819ed8d5b08f2b81f8f38d523eaf2fbdc6a1f564362fa7c9d15abd2f47a349855496f074d392f3781e9a1d1e8b2ae4d38bf51417c1239005453c52eb36d71776a196bb9c9988024c939c5689f679ad68fc3dabbba85f804a1b3cb4ec2bdcb25290000a4e4827a980249ed54dfae3a0c4a96e2512b363516a0ed32b70d08a4a930dde329c0a030ca4a7928ab20f11c89c76f71aeee932933ec9d8ddd6ba1f8eec7aacf6c5062b0f21485b4b19f54292402923d71d8f71c4e75ac1d346d758bd2c6dab7726e66ea54efcae3159798bdef3b99e54c9f45aa2901a438c991c9c8d193cf8278f123d54ad5f0b84a52fd68ee8d158b1ab9ba350e9eed4ab571a11a9571d4a530a4b55589215f855369b3dda7480de5c3f889c2dbe44252ad29b7bc3696a2dc6768201f3e299ea161fea2e2356aee2797cd5052d0331882011eec08c749312684f4f97ad576ea3a6975665c6a9724a984ba48290a48078819f212a07f427e474efbcabd46b6ac59f790f41c7d71bd184ff6253cfb1e27ea33aafb0e8ccca8226b54e779a23ba90e201567967d8793fefaf7bc3bb954b82814966bf565b929d8adaa646584a54871090d648481ec81e7b9ee492727495fb217d78148192735ac695c4cef0ee84e3372414a53f864988260019c18267e189ede234f25a727babc2dd5e41fa685d14d067de936a572d54c68f169e56b0db654ec805d47e13600c7351e206700773ed8d47646e3437596e3a9f6d0523b90703b7bfd35e68143dc9bfa43f336b681519f250d10b720359e08576042ce129271d8e7391db4d3ee8a6d2a2b3b7d4e23e7548feaeddd3cda6dd3cd20ced00a8931e064f598ab1db2fb877ac9aa7ad5aa44b814d0b69a85017114965860670015004fd4fb9c93ab2146fbbcd65d8287095a124a5093f9bb771aadfb3fb9573da9b2141dbd668cdc2aa43a7866a6272097e32f928af1c8fe639ce3ca4a88f6d35ac8accca7446e4486df0b38fbab4a202dd1f3c7b0d52ef91f8ea80009204781dfe35e93e0dbe0dd83685b8a59290a5488da5424a7fc4e220444476170fa497953b6b25d39392985575f107d83884ab1fb83a9baaa55eb6aa29aa50e5b91de41ecb4fb8f91f98d407a1ba8c8ae516e2a6b118fac64c67fd0c8e40a90b49f7ff0e9c370da558a7c45cea9402c3484952dc75490123e64e7c6b4ae1f752bd21a93d88f9122bc8ff6b364ab6fb41bee583054957fe484a89f9935d34fea8e63b1452afca07aedf1c2a430339fd527412a6cec9ddcfaa6d066c7812d64fc4d0f4960fd41c03a0558a2271ccb1907b850191a8cd5eda8efa94a53433fa69c0b76c994e2b337d7cf46c792163c115d37874cd5ca836fd7ad7dc570cb20968ad2077fd5274b05b5d5c5ace2a8ed985312da8f17fd7fcc3faea5ea8d7151d25ca45765b007f2b6f9c7ede35ccedf7b8f1d5e91aaa1dc7f3bb192a57efa8c5938924a55d6ba62e6d2d994b48682523a01d2a530e23ac279a55a270dd51eea27fae8653e7b2558e7e07efa24c4c8c7b150fd31a395341a62882525d6f29c63f5d657fda31b8f79ec47da0157dd86a9ee0914f8b4e91422f6521e8e62a192a6d5ec52a2e8047e55a7bfc8eaa5223bb5694981030b715e0138d293aeee8d2d9ea8b69666dade11d9a756d96d6f5b75c28e6a8127031923ba9a5e005a3dc608f8923512e14929f20d4e904282c7620fcaa986de7da256e6fdee243dcdbae207eb0ec0552efbb6e6290cb556a6060b2996d8e585486da529b52bb92d900e3d346ac3f4efb776b75197ab3606fe552354a956c52c46fbbc979e06b101412e4571e2d2bd30b1cf3dd4541616388f3acd2a76d06e2745bd4bd2697bebb7f044c8afe62fdee7257130ef269a9e85a73cda42b2b1c80fc841008d6926cfeefeced87b690ab6c6e344655214efa2cb7256daa52c38a4ae56082908716952804a8a7ebe7551d46dd56e7d949cfe9fcfe74ad1b43d505cb6ade46e1d63c7fdfbbbcf9a9cf54ff66d6c65df1235d9b317f50ec197090a4c875f692dd39e64e0a96f71c1429213f0af38f208ef9d635deaebb735d336a42a23eedeb2bd17d28201681c2081e7ba40383ee757e7ad2ebb2cf8561d6ed7b76ef44da8d4e90fc5406dfe491eab6a411c15907b289e580411edaced6672a73422a6621b647e60a5004fd346e896dcb6d4e383da38f87ff692f16ead7373cbb44abf0d3ed7f91c7d3eb560becebdafb22e8dd1ae5fb79dad4eabc1b42d793329f06badfab15faabca4c5a79791dc29b43ef078a4820fa1820838d583b737376fe3576652daa8b0ecf91316702a43d296a6b9348c03f030b50c9c78513eda4ef4317d51ad8d97ddea48a934c541d6280e321212a529944a9095819efd96eb64e0f6206a150f6ceaccd21732d1aac7ad45538a0fada73e30b0a3c82d3e52a073904641d22d6da4de6a2b43abda13b40f064051f4ea7e3f0ad4fecbb547341e1f4dc5a301c756b5959c6e094848480327bab20409cccc532375aa3b8b41b94de540ff00819c8754b5c59d150e13f420f658feff0022344b6d3ad5b65129342df8db9fb997c842ee0a4ad6e343d8175a395a00f9a0ab1f2d295152bfe0c5fba375e9052c8c7dc6a8bfca3fc055e47e875c06b72673e22cb86da5f52802038857f6d44de9ad3ad72dc485782307f9f3ab13bc61a869f7c6eed1c536099521c01683e67c7a91b0fbab52ba3fddadbedb29122e6b86e1a7222d4111d14192257e04b2ae4b086dd5610a5a91dd2952829472120e08099eb2bed12bdf7aaea9964edfd41fa7d0d997f774b8d1c17c057139c13fb78d55cdc2dc9acd3b68a8bb71126bac50e34e84892ca5207aab2ffaaa524783c4a7e13ec7c6a7ce532dfa93e8aad23d411b8ade52de60b3c5054a395057749271e7563d26d0d95a21b57afd673eb595f1e710b7c4bc48fdd310010818e9eca024c1ee24183e22aec7421bdd2f717684d95704852eb16b9430fa5e279ae2af97a0bee724612a4e4fc87cf4dfa836d389e6a4e0fd46ab7fd9e9d3eded6c265ef9569c8d069b72d1d0d516931def514b60b81c4bce10484fe5c25392af88938f1ab2550a3ce4fc4904e7eba7c8c0ace1e00a8c74a0150841d410d398efe339d059144941d3d907ebcf1a3b51a64b6c720159f61a0ef26a497084bca03fc44e88493e6825813915cf1ea0a4b808edf31a2b16a890a1cd1cbb7739d471a9e95a1214819c77d1682fb071f17c2077efaecd428567068fd36bce53a589709e530e20fc2a075d954b96a15d7849ab4b2ea8270094e3fcb409b7a338e1483e079cebaa32d096ca40e433df1a8ca4758a9b71e935457ed8f8d4abf6151dba054e8289b692dd1538d2aad1d9a83a99286d68f4d95a838eb400cf20080a2401e4ea8b5bd55b92ea8b40b66bb72bdf708d524d3e0a24ab9371db571c27db080a5f727f2824fb63572fed7babed054eff00729373d2ab4c5cb4ab720ff0699014d18d250f3aead48792a1c81400a214939c6138ef91506c8b5d773c4a4d3edc8f22548915f08534b09492a086d44249207e507cf9c7d46975f94a5134db86d2a77525267cfe91d689b9b32caae334498b890794c5c77e64c51f463a92b285296a4057c0140fc490723b8c8d406e9db69b4592a6632b9e1d21210be492013920e3b8f707e5ab4550a244ab3c95c02851295ad86b89216a19c0c2413c520294aede13a52de126902b2b8146946690afc79eb4603cbf7e03d903dbdcf9f90d576cf5075d54456b3c41c27656ed82a50f488073e07583f2f5e92a8a155ee4b3e748728b3df8c24c754698d123121956328503d943201c1f7008d1145c378c798bae53ee2911a4be9cbb2219f494e7d55c71c8fd4f7d4aebf46a7300c6a8464a965195b7c7253feda8a4a8aab6aa298329b518ca395240ca99cff6c0f969b34b65e3ed0eb541bdd3efb4d4cb0e1001e809107e1dff005a1f5fabddd5dcbb58b926cacfbbb21473a99f4bb458d52ae54233b1b9c86c36e0caf04a3be7dbbe86bd683e969b7d2e25c8734f18d2d07f0cafd9073f94fb77f04e3c1ce8f6cadb5b816aeec4472936cc893eb663cb60a78f26d58ef923008201eff2d161be5fe514854eb8fb9b9d5157924c9a716fad89006ccd41c3598ecbf0128907d573fea208586c63c950253f4ceac874b1b7769ddbb67037266ca6aa0c3915b4c18ef309fc201292a5380765380a8f1f648c6064e75138166d8d4da2298dc9809952aa48fc76168f538b67b711dbc60e09ec4fe9a9eeced736d3612c5896eccadcda75a8b99e953a7b8d29efb8f2fcacbe9482b08efc50f608c0095904052a2790a29314cadca12e82718a7374f9b971766e43bb7959ab245bf32517294a7cf0305e70e54900f6f496a39c7f22893e1470f476e5e270f280fd7546b75f77ace83555c0a2c472acd25252f058e5939c721c48e1ff00de9b1d27ef54ddd4b1e4d1ea70e6b32e845b692e4b3c8ad8505701cc7e629e2539382404e7e7a9acdc52d3b57d685d4d9434798d9f78ab0350b9e94a4e1c5f13efdf419ead5356e1525631f4d46a587ca8875fc9f3a16fd514dba50b59247cb3a6496c46290ade3debf187927890e8493e31a2919c6077548ed81924f8d0884c36e90163d86bb4c769b194a704ea4273150006268d477924603df9bdf3dc6bba23ae04f26de1faea30d64670a3f09edae9125f616036e903b9c675fbad4814226b3dfed8e5f2ea1e03493971eb6e22967e782b48ff00fad25ba7fb359bdad49713d34a842ada14ef21ecb68048fd494903fae9a7f6ac5424d43aa871b96a0b4c4b46106127c2729715fe6a274aae972b3538506e4a7c598b432f4882b79b49c05a9b2e2d04fd429208ff00dceabfae150b551498223f6ab97d9df2d5c50db6b4ee4ab7c8f813fb54d778b78ea0c5c686ec697259ac120caa8465943a957a696b8a4a7182509c123ce4e7c9d42a259958b2e9a9b82bd050dc95e514ca71195957bb8b1fca948f63e4e3e474df7ad6b6a2c5a2d7a0d0d9627bff007e7264c6cab9c858928e0a5e49194851092903b79c9efa86de3f79b92f84bd5ba84890ec996b71f79d732a5a94aca8927e6755965d4a121a48c753e4d6c7776aab971578e47e6284246129daada3119ee7a8cc483d2a394db5e9d0e9ecd46a5520fd4241f54b0476cf9054a3ec3ce3dcfd3422af6a5363d3dfacd6a434c4539e5224ac00b3ef8cf9fe9aecde9baaa167b2a9f4a8f1d4b4aca101e6b90404f618191a4c57ae6af5defa6a571d51d94e04fc0167086c7c9291d923f41a6366cbd71edee807f902aa7c43a9d8690791cadca181e0f924c933e807c454a6c6bf61506a72e8c59fe254490a289309e2501f6fff005249ee858f657ee31ab75d315e96b56a990b6fea95a6fd792ff0b56e574247df523b981247f24b40c601387503927383aa211145b949523b1c1ee3e833fe9a9ed8375d568b31115828763540b4d4e88f025b793c81493820a5493f12569214923208d3f0094ed9acc5b7c8777475ed5a7749dac9749724dc37598920351880a713c425291dfb1f07ff0087484dd2bd9cbf6e00c4274c4a6c477d36447185baac91c87c8791a6274fbb8f776e96c2dc746beea86a0e50ea0f5323d45d1ff12fb085a424bab1d96b014472c027c9c9c92a1ea5a42b6d66c6a15a2da6309dccc896465ec0f64abf97dfb8015dce08cebe2170bd9de8c7920b3ce1d28f6df51655eb7cb3b7963d10ccb82611eac42f90c436d23f11f94e0fc891e788f889c01c490757776fb6d299b5969316d515b6d7c120cc9a18085cc771ddc563c67be13dc246077ee4c23a4ada4b2369b67a9350b4699c6657298c4daa4f9042de7dc5a79712ac0c21249e291dbdce49274c39d52998c7aa7cf8d1ad329467b9a4b7176b7f07a0ed5cf576644a7cad81c124630741574d9aa5121a27bfc86bb1ea8cb0b51f53c6719d7c5729fcff00cc3e344898a5ea293935ffd9),
(2, 0xffd8ffe000104a46494600010100000100010000ffdb0043000201010101010201010102020202020403020202020504040304060506060605060606070908060709070606080b08090a0a0a0a0a06080b0c0b0a0c090a0a0affdb004301020202020202050303050a0706070a0a0a0a0a0a0a0a0a0a0a0a0a0a0a0a0a0a0a0a0a0a0a0a0a0a0a0a0a0a0a0a0a0a0a0a0a0a0a0a0a0a0a0a0a0a0a0a0a0affc00011080098009803012200021101031101ffc4001e0000000701010101000000000000000000000405060708090302010affc40048100002010302040306030504080309000001020304051100060712213108134114225161718109324215235291a1336282b11624435372c1d1f01725921834446374a2b2c2e1ffc4001c0100030003010101000000000000000000040506020307000108ffc4003911000103020403060404060203000000000102031100040512213141516106132271819114a1b1f0325262c1072342d1e1f11533243472ffda000c03010002110311003f00ccc05ce3207f2d751d7be07cb1ae7ebd00fb69f7e1ff00813ba3c426ff005d9f60ada6b650d253357ee4dc9710451d8edd191e7564e47e95070a83de95caa2f56e823cf336eca9d75412948924e8001b9268f4254b504a44934d9b86d2dcf68b25bf725df6ddc296dd76477b55c2a289d20ac54728e62908e59395d594f29382a41d1355c1c0c7df574b8e9744f12db076bf860f0b34b62dbfc1cd8111a7b6ef3df5b8a9e93f68cace649eb18b3191e496577919618db1cc11405504f8e1ef007f0ace0342b7cf113e236e1c52bbc2bcef61da51496fb52b01d433af355540fbc20fc351e8eda59376ca72e50acf99595b6d2a75d289f09536849536a50d72aa08fea8320395606fa9d086882206652884202b880b510151cc6e6624004d3640c08007cbb6bb42a3d31d4ead97e209e09b83fc0cd8fb6f8e3c2ab9dc6d147bca9e1ada2da37442cf4d04f1acd1952c79d072383cad9c0f51aab568b557dd6b62a0b6504d5134adcb1434f133bb9c670154124e013d07a69a766bb4d86f6a70af8fb40a4a4294952569285254830a4a81e293a18244f1a1710c2aef0eba4b0e804a80502932083b107af58e7cabb5b6944d20c81f5d2cd0d1db325a499140c73333607f3d15b3d83705f6be936e6d3b354dcaeb729d69edb6ea284c92d44add155557a9eb8f901d490013a51f139c3edb5c2de2fde7871b1778c97cb6daa68e26ae251bf7fe5a99a3e68fdd90249cea1d7a3000e3bebe5d62c937a2d5b54288279e80807ea37abec1bb2d6cc5907ef9249509091a18e64f0078577a65b08f7a2bb42fd7aa86eb9d386d3410d422b5361874eda87a965968e9cd4375527014f4ebe9a7a70eb70dc56a83c4e79636ea8c7d3e1f4d149b8b96c4a9522b5dce07845cb81b61b2859e12483eff00dea52b1598601719ebd3a69d36db5bc6e0c63a74e8749f6368aa69d278bb3a8234a77add360d93629f71ee3ad5a7a6a74c92cc0176eb84507bb1f87d4f6075bdbba2e9a9dbfc0d364992445386839292033d43ac68a32ceed803efa54db5bc36c5d2a451d06e7b5bca7a2c2b708da43fe10daaa3b7b883c4ef1a1c4c97851b277059b6e5b62a492ae5adbdd4f954f042a428676f8b1200f53d718eda7ad67e155e2eadf40d7ed83bc786bbde3442ed47b6b742256823afba93aaab9f90707e1a1aef19c22c5fee6e9f4a17c8edaf33b0f5349d9c3f10bb6fbcb664ad3cc74e437f955b7b4455698c156c1fca7dd3fd74bd0d7c51c5e54d37231ea55c7bdd3e5ebaa5be183c5cee3e1b7103ff0003f8f11d6d02d2d4fb1ce97a464a9b5cdcdca398b753167a1ce797f30380757a6dd4314c1524c37c9d41ff003d14b0202819075046c45696d72482208dc1e15df64d34b2d63d5952033728524f439ea3e1d94751f1f969db7f21e04a65386768d3a7cdc7fc81d275a521a101c609030a00edf41af370bb89247a88e3f3d2988e78e3930cccc793ddc753cb923fe23f23a1174637e2551bdb85aaefd70b87faca00046d04e3f23e72403f0c0538f4e6d0d1edab6b36cb6c5493cce652a59c4ae0b1ec31f61ca3a74d0d06bd5545a622b17961918732c2e47c429c6a54f0ff00c4bde345c44d9bb1763cf2d15b21de36cacbb53d20cb5749ed51c666ab38c3a2a3b22237b881db00b3b3168bce46064fd35387877f161c57db359b2f839b72d9b516d6bbb6d664353b5296496a9c56af9724efca0cef1798de5b49cc5085c6080747e3cd38f5814a580f734a880223526410481b08de351b84b64a407e54bc9d40933cb4dbcf97b572fc53f6370fb871e377776d6d8db5adf68a1a6981f66a481234e72cdccd81d076d30fc33705ae5c77f10bb37813052bc72ee5dc9474150a50a98a9ddd5a69083d808048f9f80cf6d583fc477c506efd87e35b7cedeb2ecfd9b5e94b7011356df769d357544a54b0cb492a93f3c68df82ce326e0a9ba7127f106e2ed35ae29387db305876cc96fb6474a92ddabe234f1222a74fdcd124d85180be64600191a81ecc6318d587602d5f798909612524b9994a5148eed319775a884c66d278d54625676971da575942c0257119600fcc49e49009263851afc52f7f6e8f125e27eb6c3c37d9f75b8ededac7f675bc5b6db2cb023280a179954a82a810633d01d33b86bc1cdc1e12b7cda78a3bf769dc69b73d143eddb5ad97a44b4534350c8445553c955224922a7373aa471e1d8292fca30633f0f577baf1678f96fb0ee4a17bcd2deeb6b6a2ed6baaab9052c81a9a66791c2baf2f2e1487c820aa9cf4d4b1f885d2cf0717b675b6ae5a2a168785bb783a5556246b0b7ecf8032649ce41c82067a83a0dbb4bdc098b5ecd0700cc8256a83e22a0e29c3f88195ac2892208044124e8f6d6ef0ec52f1cbb50010988913090508483e49229b555679abf67a5b66f117b3b64d5a2d41aeafb5ee2a999eeaae4b185e2a5888e62485e6f3550afe6527bd799c3c73d451a554123097acd0bf323f5c654fc0f7cfcf5295ef66ed8976249251f18ac55d75925062b35ae2aa795108f798caf1247f2e5527eba63c5b1aeb513a470a2f2abe181e991f1d31c1db459b8ee6571d8a4a473904ea46b004948884c41aeacd598bfb44bf62a2b4a80063810208e7d78883029328b6d493a86998f329395ce43ff00d34afb2edb5f4570579612b18971282b81f4d2edb76fcd0542a940083d875d3aec1b4d5a592a2a2055a712ab2e0f73f0fbe9effc8e852759ad2e7651085a5e1e129d4fa73e9a6b4666dd56ed89b79eed7eb8a41494e0734ae32589ecaa3bb313d028ea4ea04e39719a5e26032485e1a2a389c505116ce598619db1dd88e9f003a0ee496d78b9e3554dcb78d3d8a80814d45cd24119fd20e57cd23f89c0247c10afc4e62c838882b57fd6401e9f0e9aacb064b76e92a1ac57e79ed3e229bcc55d0ca896f318ebafd3fdd33af50d7455b50d2d44abe73f33aac840603b74d2c6c0e276fbe1ed54777d91bcae96c9e23cc92d0dc248c83f40707ee3575fc0cfe13170f16bb661e2f711ee5516adb35249b5c34e02cd5ca0e3ccc907963ce71d096efd060955e3ff00e025c54dafc42a41e1ef724770dbf5548f2564f7f9c2c945329e918f2d7322b83907191839f4d08ee2f84a9e55bbaa079c891d47df9508d60d8aa594dc36226220f8b5d8f4fb3b5538dcbc7fdd9c55ddcbbb389d7892b6e8f02c2f7368d5649546705c28018f5393dceb4fbf0c8f1297ae2970465d83bcee62baebb45a3821ab9c976aaa0901f6662d9ea5795e224fa46b9efacbce3af875e26f875dfcfc3fe29d88525504f369e7864e78aa23e62bce8d819c10410402a7b8d587fc2e78bf59c3bf137b536c574e05b77597b1d6c521f74f980bc0c7e6b32263fe33f1d1896ed95680300640348888e91a5085772dde1f889cc4f8a779eb35aa6b4f70b94425b7c52bc4f1b0648c7200f83d3989ce01c67b68dd1d1c362a74b9dde08e6ab5558a9e38fdd5e60303a9c01e9962001d35e0c72edda97ae8e4e48848b2548657779918e33f0c8ed9c0f4ebd74a775a396b2b5ab228167f2e80ac54fcbd645738620823e591ebd3b77d2c58d69b374993562fb4c97982afcfafa29048f3ab72c22300734401380b871924f727bf4c8d16a012ad7d6f2d43d2a72c8ec914acd1ca02aaae31cc41c8cf37296e9d09d0d69204d18988d45653127393a71f08af34160e2ced5be5d6a562a5a2dd16da8aa99bb471a55c4cec7e41413a6d206032fafa481e9a7eb4778d94f3a979ca41ab01e27762c9e2b3c6e6fbff00c38debb723acb85fa46b4a5f2f4b450dc54b7e58a770620e01cf2bb2f30cf2e48c6b878b7dc160e0b70a36b781ad81b9a8ee8bb72796f1c40bc5ae466a7b95faa02f388d9802d1431a450a12064441b039cea10a19bcac7212a5482a57a6083d31f3d71de7b67736d8b853b6e7b3d7527ed5a18ee3432d742ca6ae9a61cc93a337f688dd4f30ce7eba98b3ecfaecdab2b45bc14c5ba50129cb0a52db4c2544e68ca3f104e590b0159a045397f154beedc5c0410e3a5466744a5464802264fe1998ca488d669438734bbbedfb969770ed8da172bacd485da3828edd34dce4c6c98f714ff11d587f1dbc3fdcfbd389bb4a93675b21a84b670c6c1475efed90411d34f1d0c09244ed2ba2abab021949c82083d46a02bff1338d5474b0ecfdc7c46dc9ecd454b1a5350bdee630a4050347c815f95a32a41523208231a746d3e04446d3b8ee9c6ba3dc562a9a4d9d0df76b17b746f0dd8cf246902f98e72564f343218f98b72b2e14f5036296ce2711671575c4365b90980a70ac2814a4402d99f113099d4ee40af59dc45bb968849577807109cb0a4a89e3f940931477667873bcdc2e7045b9b8cfc3bdb3119079b5773de50ced0afa9f2a93cd763fdd1df43725459f64eebaadb4bb8adfb829a07c417bb39222a95f470add57e87aea3cb2da6e978af8ecf66b3d4d5d5c8e123a4a4a6692566ce394228249cf4c634febff00072b786f62bd5271592e9b73755b6be9e9e8f6cdc2d414d5c6e19a497ccf332a1001d90ab73ae1b208d15776695dd23e3df4aa74084a32924900287894b804ebfd201255a090db00ed5e318025470d244ea7310a4e80ee08024f3fc5c0723ed773d939fcc869e576cf40c001aeb26e2ba57c2555d635e422344eca48c03f5d35a8f181853dfa8d2f526dbbd6e3b15ce3b1a15929edd2ca6627010aa3103e6491803d74d6d706b1b55664a64f33aff8add8d7f107b4d8db25979d0941dc20659f33a93e53154cb8f35315fb8e3ba85229e55be4f4f4d1039c471b98d147d90697b875e1c2f3bd66a3b6d5cc2292e5570d2410853cfcf34891263e64b8d18bc51dbb62ef8be6fcdd1469254555d6796df4d90d92ce5837f5d3e3c1edf78f5c45f10967ddbc3ada364af976e54b5d29687735c5a8edf552d38e6489a518fde162bcbe9cc179b0345dcbfdc5aa960810373a70a90b4b63737696c027311a012638edad6e8f087605a386dc38b3ec5b1522434b69b743490468a00091a051fd069c73d13c8befa647aea2df097e25371f1ff63dc26df7c04dc1b03736dea8869ef160bc491cf149e629649e92a63f76a60215fde001050a9cf7314710bc7378ccbc6f8ba6c6e00f837b65968adf5d3d22ef5e30ee84a1a39cc721432c3494cc6696338ca90c7208c804e072a0c3a56524891b92a11ef3afa4d7542a4aa159499e01267da247ac5419f8d5f87d877e566d7be6dfa3856e713d4f92cc428911963e6527eaa0eb322d7bf2ff00c2be20daf71c2c22addb97d82a7ddebcb2534eb2743f0f708fbeb477f137a5f1b5b738036ff117c50e3270e6f91daaeb1c6b66d8bb36aa9e0a51520c6d2354d4cced228213dde503dece4630738a7e137153885c2fbb71c136c4b2d8edd5463b9dd100544965ce0609cb75600e320646719d5f7679d4270d482b040247a9331ac73a84ed1b0f1c4c9c841ca0ebc8089d27956f7d6dda86eb1d3dea9e65f64aea179a372e4031488ae9d57a8182bd46bb59479b62a389fccf3a38898bd98b3b840480c08f4c01d4f43f3d465e19eff70de7e1cb87f5f04a649aa361da7cc983a9e52d4b1733303dc1e5c63be07cf524dce8e5a161510ca4c629955172414640406047cbf975c773ad8e8e15a5a3e1147da348562aeaaa86a9151ee4110551e6773ef144e62a31923d4f4c1d0d1ea5ae9a1f3224a75fca2a1e695f9225491437700e4f373741f0fa6468439a68a49d2b26784169e1cdfb8a161b0f172fd71b5ed9adb9c705e6e5688a37a8a585fddf3104bee7462a4e7b2f31ebd352678e9f06e7c20ef8b659acfbb2aafd66bcd0fb4505d2a68d226623ba108c54e07af4cea0c91bde2080430c119efab8b26eb93c65fe1d33d92e129a9debc2092362ccd996aada4111c9f1385050fcd33eba45db3c571aecee3386e24db9ff00825ceeae11034ef7c2dbb9a2404b84056b10469bd6180d959628c5c5aad3fcf292a68c9dd3a94c6c4a80207af4aa7904843a853ebad3fe2470d7835bc3f097d87bd38a9b629eaaa6cbc2da392d55f8e59e9e5cbf28471d47af4ce3596eb39560436727a6afbf8c1e2a47b7bf0b3e04f0da9aa7136e0d9f40d3a06c13147e6139f96411a4ff00c5ac3f10c513835ad9b8a6d6abd6bc4924109095959046bf841a37b1cf316f7172ebc90a4a595983a831100f9981eb55028ecd2ef4f0f72ee9099abd937ca7a2964c75fd9f5c2478d4fc4475114807c04e476c69638bfb8771d15af86572b555d4a35a38756caaa5f2d98086486a6a196418e80864183aebc18e2970cb86bc05e26ec9de764abb95ef76b5a20b55b991a28529e9e59676a832839049755000fcb9209c8c10bd6e9838bfb6def1bbe8aa2cb1586d74f6cb0cd68b537ec88790caeb4322ae4c2ceac5d1cb3316572c1b9cb2d414dc378a28ad95165a78a92627471a19b28fc4a8716a2481024804e520281dd7c3272b8332d1044f10bd24ec2401b99d248d412a9e2bf735ceab8f9bbef34576a88e1bb55adcf9609d915bda69e39c9c2900e4b9d3bfc6e5efdb38a1b7f6df3a996c3c3eb0d054b6724cab410b3e4f727274d3db760df3c46bdd8f75d1f87cb96e756b351d394ae8ea62b7d60a65f676732c6630c8446aadfbd50a4303aede2776af17f6d7186bee5c6ddbd4d6cbd5f163b91a4a3af86a628e195418d55e1774c040a0004e0635a30bb6b666f30eb470a4396ed293aa9198ac2508d1214544650b2491c8d6c7ae1e5b372e22487082601809cd9b53103c5940d77d29a36c67abad86dd4e8ef34f308e1022203bf4f7436304f5191e9eba9a2828e9767ed39adb48bccf0d248f3c8bd7ce97cb393d3d3a607c86a24d85bbabee3b836bed896f6f2436bbd5d1e1a02b8584ba46cb2640ea5b32019ce394e3bea61a19a1939a29c02a57948f91efaafc3eecde25663f0a88f68fef45f6abb3e9ecf3b6cd824975a4b867f51234d069a7f93546fc3070ae5f157e206ddc34bcdf5289aa6dd3ccb34d96e53100ef85f53cacc40f88d68843f810d8f709a0acd8bb9edf69a585d96a66aeb8d7c925542caabca154958640012245e81d83051c8baa09e176e747c24fc4736fd3acc21a55df55569ef801271242abf4cb28fb6bf41dc30af8eb36a52cea7224a78dc7c8f28047f3cea57b47885ed95ea52d2a13976f5a6fd9ac3ac2eb0a538ea015662275da047ef517707b81b51c12dd4db7ad5b92e375a1b5ed6fd9a2beed3249533849924a7f35911048eabe6af3f282dddbde6275167898fc3b293c61f09d60a6deb5745b8a8e58bf6519ef12d3d142158b4ccf144a7da1e427af9a4a81d140cb734d1c43f117c37e12f16e7d8fc4382e34525cec8d71b6dca3b7cb3c358632e24a5531a1c4c1103aa679a405f9465082eae1d56592fbb5a8f756db9ea1e8ae708a9a5f6aa59209151bf4b4522aba303d0ab00411823522d3d72c3a1d4e879c73fb355efb6cb8c142c68401c7581efcaa88f197f0e0d99c1af08fbc6d75f63a5a5bfbec9ad8ae571b55e6ada0b83266a166960793d9c3874ca98e34e4501467beaaad15e2cbc3afc1e62b3dde9e35b9eeba9a2f61889f7dda7aa96676c77c0821effde1ad39fc4bae2f41e0df88953048127ff42ae62262d8c1f6597fefefac37e32f88eaae3345b1f86f63a37a4dbdb376ed25be86066f7aa2648944d52e074cb3060a3d17ea755581a6ef13d5c32038144f90dbd74a97c79db2c31a94240529b29481fa9424fa6bef15b01e0dad344de0f78655d6fac32f26c4b63bb27ff4ea58a7aab2f5e9d8e082352b3d41aab4ac92852c8c524c762474c8f91e87e87506fe1ad3cd1f81ce1b5cab9ca40769c014b9efcaf2293f7c0007afdf53758a9e49ac455d083212c80f7c0c01fe5aa0b8d146a49832814a36c98cbb51a19a9e298435090af9cbccbca19795987ae323eb8d0d7cd96d4f542b6c35990b3af30cf4e8c394e3e840fe6343419de8c49006b58ed5113d34cf04bf9a372adf51d3526784ae3c45c02e3350ee9bb132582e30bdaf74d2f7135be7c2c871ea50e241f34f9ea3add63c9ba19d4f49903e07c7b1ff002d26994e3a907e474e316c2ecf1ac35eb0bb4e66dd494a87422343c08dc1e0608a436974fd95ca2e1930b41041ea29fde24384f53c20e37ddf60d1ab4f4e6b04d6792052e2a69e63cd094c756c8200c753d31df4faf19bbab73d35bb857c14dd76babb6dc36370d6dd4573b55744639a8eadc33bc5221ea9228232a704138201d15d87e2f1f635976b6fd82d425e22ec0a59edfb4aef55109224a79232b054303fede94161193d8f96c3aae4443bbb7cee7e20eeaabde9bd2f535c2e97098cb5b5b3905e573ea71d35338359e31766d138937e2b4cc0ac9ffb1c092d85a46be1536a2b2490429596094aa1bdfdcd9345f55a2a03f1e10344a490b29279a5602408d5224912265dde1b165e2259f863b2a2aa90deebf85e926dc596418a99d6beb5d68c93dbcc8f2b1f5c07545ecdd0e7082e3b8ad3e0c3897b2ecd4b5a6e3b8f887b76d51dba18dbcd9a558ab0f9423ee5f2fcbcb8ce5b1a6af1bf7f6c6dc5b2b85f5db0b71d6addb6d6c9a4b6dce010796692ae09e57322c99eb967565c0f4cf4e834efe2cf8badabc56e125963a7da32d877ed2de96bef977b2c6b14376aa484c51d6c9f09423301819049eb800e94dca31b5b2d32ddba96d3af9264416d4ddc170150304b4e2520480729d6141729dd6e2d50e296a7425696f4d41cc14dc4023fad24ec7cb429a69ef4aaac8383bc3eda1ba2a6e2b4114b7b967a18a6f7a10d5fe5b9447ca2be637ee3191d7d74a7c7ce27d171c38a705cb67dae6a7b652da2df68b1d14eaa1e3829e9e3857982f40c4a9271d339c64688deb6fd5f11786db3aaf66d4503d3edbdbaf457b35978a7a6782b1eb6a6762525915994ac89870083823b8c6a50e06f87fe1dd9fc3e5eb8c9bf37c407715cabe2b7ec2b75009191de36e6ab91e56023914a322009cdcadfac1ca96ccdde0b608f8bb85f8da71e0523520baf13252254094c11fa093a8a0d2cdf5c2bb86868b08d49804253b498113bf5036a8b6d772a48ee9b636b45bd29eb66b6ddee85ad70d9044d4bf9d4bbd4f3666e6c65531850de9d72feaebedb36d59eab70deea04143414cf5357393f923452ccdfc81d47b69bcfb4d6edfa38f7453ce21dc37b924b524cbcf4a5ff002c8cbdc7361f07d41f4f5897c6cf1d64b9c13f0076948ceecaa770cf1927ae03c74a31dce795dfe03957d4e9de04a1f0eea8fe73f44d5a7f145b2316b269235f874088fd6e70006ff64ef520f13bc196e0d91e1bec1e30acb63a87bc5e6e336e5dd08017aab452d4d4a4d47cb8ee90c3fda91d43c9cc7dd53cba75f86af8a9a0f11dc13b7b5e21fd9fb9e9adb054dd6d6ffed2290b2ad641fef29e4747c30fcaeaf1b6197ac35c0ae29ed3e2af868da5b8ad1247251d56d8a6a2afa551fd84b140b4f534cca7b32baba107d307a823317787a17ee1adc36d6d2db3c42ff472bf69dd6aeddb42e925a63a986031caded1699d4346ef4d5118132a1739e63cbcb2431b1d58fe16bc4d8416a3327e87ec7d7a198ece6288c31e71a7890151c3883f2d27e9d6ad87885de7e34ec5bb25ba6ddd9db3ff00d1fa6a8416c9bd9a6ada88c9382f21915555fe1c8857af5274f4e016e8f1335f71ad878eb456236f1187a2aaa68da1ad8cf7e59d54792c31ea9c8463aa9f43343e2cb64dbac11d5f13ecb73b4d5850b3feceb4d4dca9656fe28a4a68ddb90fa091518670474c98fb7cf880dcdc79a2b85838135336dadbb6d332ee8df37ba4f225a24854bcc9052cc3991d5017696a151114730497a2ea09c62e594943cd658d248fdf8fa4cd7434dc3172901a503ebac794fd76e9513fe28fe2a128f6bd7f0d387f6cfdab2d3f909b8a6c7ee2869a670445237a4d50179238ff00372179080a173957c6fe0859b875b8ad3bfb6646a2c57ba37411a7e5a6ab8d2372a3e0b2c12c13a8f4f31d7f46af0f8b2dafb9d3c2c516f9dbb4dfb0f68cdbaa92aa8ec75148d2dc6b29ea048a974b9554ac5fda2691e293cbc65165412396f712b4f1069db717853b9b474ed2d46debec34c51572caa43cd4ae3e89356c07e4231fa46ba0f67acd7636395620933d761bff006e1e75cebb5378ddedf24346529480396e76e7e7c7cab41bc08d924b47838e17d0d6dcd2341b3a8dc066cb20753272a8c7bbf9ba9fbfcb53a59c9b65c22a08dcb4322fb8076c60e081e8415c1c7421874c8d455e1c6cb0d83c3dec2b64279920d9d6c8aa5e04c313ec71673eb8c9ebeba9236a559b85dd8554c1a4a78418d500e500fbbf50064e3a67e3d80d79fd49343b3210052ccf0c96cb92dc69149643cdc83f5a9fccbff31f3034346ee1019e98c8a3de4ff2d0d03bd169dab1db73b896df0ce067cb93958e7d187fd469204ca5003dfe474ad02c1708a4a09df0b2ae037f09f43fcf4deaa13d0553d2552149236c303fe63e4755952a0d1a2e4a8391f3d2b70d7698dffc40b4eca96e668a2b8d6ac53d6f95e67b3c582cf2f2647372a82d8c8ce3b8d20453f32119fe5a7f786fa7da92efdafb8ef1bccd4905bf6c5c6a6960a5ba1a39abea7cb58d291250ac54c824707a1f743686bc5b8dda2d48fc40188126634d3ceb6b012a79215b489f2a7a7fec9f1536f0df76faae2229dbdb1ee16da596f315b0b4d5a95e49a69520e7c28e405df2fd00007313a5ddb1e0645daf5b46cd59c5ca123726faafdb755576ea2f3e1a434cb0482a118b8f355e294be3ddc721193dc3baa779f0aeb360ef0e1fed7dde2d751bb22db55742770dddaabd94524b3c73d3cd545012f14463e5e651cca001d703491b3b8a160d8d62bb59b67dd29eba836feef9ae9b76b6e97114d5550b2d04b45948390f393ee4870571caa08eb91382eb17532acaa5671020a40065b4899889ef1474920e581a032c3bab60b00819493a8279931bfe503871a8a60e1eecf2f198f7148cab38e691a35cbc59eb818e8d8ea3af7d48777e294f70a696d02dd4cd491da22b5daa26195b7532cab2158876e772bef39ea4bb93f9ba316cd6f4962458ddb963017afd3034c1e307159adb5336c9d935ff00eb284a5cee709ffdd8fac311ff007bfc4dfa3b7e6fcafef1ab4290e3e272ea35e3d3a988ea091b1503ab0db4bdc42e45bdb0952b7f2e64f0037f38e314e0e26efebd6d1d9b6afd8b71b3cd534372ba0884504626a49a5380656590c9290adcca191154e065b2715fa82d1496bf32446926a899da4aaaca87e79a77624b3331ee49249f9e8f897caa5147180b1a0c00339c673f7ea739ee75c24249c63b9f86a5dacc84a900f84998f61fb57e82bd0cdcbcd5c38905d4b610551c8926390951ea78d4d5e09bc41ee3e12ef893614949555db7b71cc1eae9a9a32f250d4aa851568a3ab2f280922804955460094c1b232d1d1ee4b9dfde8ae7cd6ebe2d1dc682be8a40de5cc23f2fcf89c742cad0432023d47d75553c1bd24b3f13a0dd304ac863ad821a3914fe913233383fde231f44f9eae0cb68a192aa6baed6aaa7b356d549e6d652cf4e64b7d6487bbb2210d4f237ac91f463d5918f5d54d925c45b00bae1fda37ad6e318716c0813b8d891b9f7f7df8d4b7e1ef8b359bd76b18ee7224379b5ced45788612408ea630398aff71d59254fee48bf03a33c6db1506f0aeb5edea5aca9a4adde35b1dab70c9452f27ed3b2c39aaaba6a918c4d1948846a5bde433615943b06857625df7270cb8babbbf73ed3adb6da2f16df66bddc295fdb6deb34396a7a8f3a11cc99569226f32343831e7a2ea60d937db3efbe24576f3b5ee4b75752db6845b6c71d15c2394b739596ae7c2b12399961887ca06fe2d79c424e8448ad0cbaa520281d69f9be2cd67de9b5ae3b67715b29ab28ae34cf1d55254c21e295187bc8ca7a15f96b3bbc4b6ded9fc08d9bbdb67ecfa37a55bb53d91a9a9e6a879d52a12e338caf9a5ba0891bdd39181abf1ba77959f6b533566e3bcd351c4bfaeaea5625fe6e46a9bf8dcf0f77ce23ed5ba71a6df79a859a92804965db621e56ba2c72492493618732858e4611e40e724f4c153af873e539778ada8ee3be477c613984fb8a7d7812fc4476b71245a3827c5c828b6fee38a9e1a1b15d211c9417508812381d49fdccf85000cf2b9fca55884373ed0b4b0d6b1969fc9aa750a43752e173d01fd4064f4ee3d46b05e8eba8aed4a26a6903c6e3a823afc707e1ad04fc3c7f1207bfcb6ef0ede246e46a2ae4294db677555c80b5511d1292a98f79bd239bbbf456f7f0cea254ad0ef4ff0010c292c8ef98fc1c472ff1f4ad0481b99794fa8c1d0d275be79d62f3682a055423a1491b0ea4771cc7d47c1b07e7a1a15435a5694c8ac715a8785f3d4107466aea6db77005d68448ca3024524301f51aeb556d8a76e6505413eba2e6da639391d88cf62474d57549d798b6d58a73882b6a22ebd324301fd01d3db85bed3c37aeff0049ec469eaab95d4c7255421a308ac1b94ae7ae48ebf11d34c6313d24b80e47cf4af6adc3251e03123e87a1d62b425c494a84835f52a29322a46a4e34efab5544c65a4b7b35487328a8a3e70dcc0827ab7c18e3e07af7d7ba3e35ef4792ae1a7a7b662b693d9a7228001c855572003d1bdd073e87ae9b34773a3bb41e5c84307182beaa7e3f6d36f883bd870f6d628ad322c978ae0dec2245c8853b34ee3f8573803f5360760d80dcb3b0424ad68103a5196df1b74fa58664a94600a2fc5ce29546df59363ed1af2b71917372af8bbd12b0cf2a9ff7cc0e47f02fbc7a95d450b1c34d12c302045518551f0ffbf5f5d7c9656a72b4e8b354d4d4caccaa5b9a5a890fbceec4fa93ef331e833f41aeb4fb72e355fbeba5748aa42724146acabd4e0f3484731007a8e5f5d2b526e713733244206d3f7bd75361dc17b13681970e77d425597527de212384ea778a2559574b48a3da67542c7a027ab1f801dcfdb5f68ecd72becb1fb6524d456e604cf2c8bcb24aa3f4803aa03ea4e0e33803be9cf68da764a23e6d150c3cc927299e363e6b9ff88f5eff003f4d7bdc50cb4db7678d1c879d452c48c0655a5608003f439fb68f630d699f12cc9f954be27db3bdbf05a613dda4e9332af7d00f6f5a74f0bf71d5f0ef62bf102dd02f9b056d34914253a320e699e303d3f76028c76e9ab614d74a7aca78eb28e50f0cd1ac90b83d191802a7ee083aaa57d3436eb16dcd94d2047ab826b94f191fec9dd618f3fe153fcf538702ef3515dc25b143552179e8e90d0cac7b9681da1ff28c7f3d311a5472b6daa4ab56e2bb5a67125a2ba68643fee9c8cfdbd7472bed7b7b72d6b5c37670d36cdce64600d45559a369faf6cba80de9f1d26d1afb0539917067319655c6798f292063d7b76f5c75efa35256cb4f55ce95b348af51183e6b7324a1b38719f5047cb047db4bdebc52a437f7f7f7c68b6ada20aa8dd05bb6dd9a77b8ed0e1feddb4cf4c39fda60b4a1963f9abbe597ea345eb6e775bacb2d55ceb5ea6695bcc8ea59f9f2c3b8cfcc7a7c86b936e05ad829e18e55798aaa349ca083248a4b29c8e807281eb839273af14952b4f70a615529c4c490eb12a3a328270c07465e9ff43ad6dddbe89ef3db8fd3d7e5159aeddb708c9eff007edf39acf3f14dc3793837c70b9d15850c16eb97fe636a0a3dc10ca4f3458f5092075c7a0e5d37a1a9a896db4f5774a31145589fba93398e439c15e6f46c8fca707e19d5a2fc48386b157ec5a3df96f84192c372f2a6651ffc2d4617ff0048904647fc4755a7876d1ee1db753b4aa882ad318d437a0994853f69510ff8b5f14db6f39a71d45535ae22fb18725cdf29caa1cc73f3dbf7ad10fc33bf1005e20cd41e1cb8f37f95772aa08369ee89a6c4975451eed1d431e8f50aa3dc76cf9ca394fef065c6b31286e778b34cab0553c4f049fd9b31fddbab7752086521864107a1008d0d02a664ef44bb6056bccd08075e9e9d3daacb5b372d2cdfb979c7518cb74d2a868eb21e60aa32339eda8c92ade03c8e0865ee0fa1d386c17e6000f3495030c84ea96b9dd2f5d287954c810e3e3d3dd3a4f32111671d574ad4b5895946ca24271d4a93fcc75d2333a255fb3961ef8e98eb93af57ababeefa6dad6e92f5581da38970234fcd2b138545f8b31e83ebf2d47b7cbe57dc6b6ab72dfa4f32aea5819121ea17f4c70c63d40c8551ea4927ab1d76bedd4df6ec4a3e68e86464a600f4925eaaf2fcc0ea8bfe23ea344acf74b6aee949ab6a69425bf0638ea6531892761d0862394f229edf171f0d24ba70dedd0b741f08dfefa7d6ba660568df66b045e2f703f9ab10d83c01dbdf73fa47534bbb776c555bc2d6d746b25c2a94acb1a3f4418e6112b1f400124fea6ebd801a515a7aca38089454aba53012848848acf8ec3192077d19b55c6d528592b88502155495d01567c9cb19132067207a76d2cc36d8a678e6a3a8e71824caae1d41c63d73f1f8f6d374252da4240802b9fdc3ef5dbea79d54a94649a446f3652ecf14551caabcd2537429d4f656eb9fbfc35caaed93ee0de167dad468c4990d4b86073ccc7ca881cfc0b3b7f8069c0945e698a5a8810839087187cfa13fcb3df49364dc54fb6ef5b8f8875047fe530bc76e0dfae645f2a3c7d65773f6d7d24449ac109255035274f7a49defb961bf71eebdadb2668edf4725ba8f07a7974fe52647d5c31fbeac27872a913582a28e560163bed591f20dc9274fbb9d54dd811492ee6924924e768adce5dc9fcccf22e4fdf949d59be07cae967b852c6e559eed32a1ed8223847f98d088595da954c4cfd69adfb2963100d0139424799007d6a5b35f76b8539aba608f1cab914e8bd501edcb9eec3033ebaef05d2398cd6eb97bcd3912140dd50a800b9c7e5627afdbaf7d352379e4e79a08f9d4a9292b3a020e7f39ec571df47a8abda92f350f12aaccfd5524180cac3a918ea093a5cee44a14011a6a2342208dccfedc35ad8ca14569241d7433a8320ec23f7e3a52d1a9682a60a8324d38337273b11cb139c03cc00eac46304f7ce8ab5c16a65e790bb4d296017cc0015e6286300fcb07e3d744dab23a891e6490ac5341c928fcad90df987cc63fe9a2d257c714922d556345213991227203ff0079b00f26758b4ec9fd5f7a47d63f72466eb11ffcfdeb3e4349ebc803eb8c7b506fce13def6a55c64b5c6c73d3c3cc0e7cc45628c063a61950ff5d67bf0eee33535d9d5010d3d1390bf0740255fea98d68441708523a758f9420f35a558e42ca394a9539f8f5c7dcea80de291767717eb6de17096fdc734457ff96276007fe93adede64ac12788f9fbf2a32cf2b96eeb406e9279ea35e9cc578e295ba2b76fbae6a65020ac0959063d56550dffe5cda1a39c53a6ab89ed46a686588d2d23d119e4652b308e426365c127fb361dc0391a1af3e9cae9a7584ba5cc3d1aeda7b69f4a7bd9a6a36a49dabd892b082aeec3a29edf3ef8c67b68f4144236f36d7546449485552a495eb9c93a48f62a55b7cd51100a2ad3a203d472b0f976e9f4d74177b99a616da1a3e697a2c0e84f3b13e87ae34e457362646bbd3bb6d5ea2a7b8ac15f50a205204e1632c71ea40e84e344389bb8e8d2992cbb76b598d6c87c899d02c90c63f3be3ae080703e6c34836cb98091bdccc8ce2a0acd81fa08eff005ce73d749cb57fb4eae6bd2b3149709481fa910293ca7aff0011cb7dc7c3425f5cfc35b92373a0fbe9543d97c1ff00e63164a163f969f12bc870f53a794d79a9923b750e2969f2234548215f53d15107d4903efa3965db75caf4f68e559d848cb234532b79ae7de66e56ef939ebf2d23d55ea0a2dc1490cd551c2b0a99cb4d034885faaa03ca4118cb367e2069ddb3ef76881bceac85e4872bfbea20b56800c6015f76551d3d33a0b0b6c21b2b3b9fa55276eeedeb8bc430907bb6c7a151f918103a19aeafb2682dc518db9e9645728ef1abd332faf33327ba7a7a75fcc35e29edb7aa35357417a572a0973363b819c0962c1edfc4a7b69f968ba5aaecc5ad7570d446eaacb05155157e704925a2930dd4e06067b689711c5aacd6235d530aa4f54c3cc90c5ca5234019fa74e9d00f996d359a81009314d5878a73586a22a7dc13085dd79905628652338cf989dbfc4069abbcee605b68ecd4d5c92c6ec6a6a5e370448c09e53d3e2cccdf6d366f776aabddc1eb27386a890222e7f22fa28fa2e7ef9d7d282101286994cb2b858a245c73c87a01d3fef193a58edd97014246fa0ab3b6c01bb15b6fbcbd52332870075e3d38d3b385b46924d577291b092d4c702b1fe14196feae47db53a7092ead1ed2a7bc2311edd5951589ff000492b727ff006053f7d4356cb154474143b1ed739f6aac061332fe807acf39f9282c7ea547aea64a234b6da286dd409e5c14f12c50a03f95140551fc80d1cda025b08e952d75706e2e54f73323f6a7bd05746f522656e79189640a80736723ae3d3a8cebdcd764a8314ecd233ba0c48012530323def97c3e7a69dbefef4320cb865ce40cfaff00dfa6946d555453accd3d60625b9908073dc9239411d7e1d7a64e97bed96d656a981b47dfad14c3c1c404278ef3e9fea9752f93ac2d2d5b237273b89797de23180d9f4248c7cfaeba437578e59c46f306595a4668a50a1d586549e84b740401db49353e4c8ead15640e5a2092c732c9ca42fe56ce320fc8e8bd4dee3b7ab2ad623bc9812794b80028c2a2e7b0193d4e84484bc2109d4f082388ff003d36f42cad4c995ab41c6413b7faebbfaaed7ee4782dcd4a91c49ccedccc8a016271f003efaa57e20615878d5b8fca2473d7aca31f168a36ff0033ab43517679dbdee8aa30aa3b01aabbc7e984bc63bd48a3bc908fb8823d3036e96188035264d6784dca9fc4753a6523e628b6fa415f64b5ee192aaa259a7729299a72ca330c6e02af65ea5fb0d0d0ab1edbc288ea59873525d2997ecc9511ff00fa0d0d6bb804ac1e94eb07316ea47e5511f4a76d4cc6ae6229a32228d4c11f5fd38233f7273f7d178ef1574e6331afbd160ab95ea08eda1a1a702b9d1ae15f58f523f63a33f356310f276e58ba339fe4797eada36c5235e55015540000eca3ff00e68686a7716528dc049d80aec5d8161b6b065bc91e2528c9e80081f33ef4c7acaffda57196bf3d257ca03e883a2ff403f9eba53544b4d379b04cf1b8fd68d83fd343435b602440acd95a9d12bd677f5a5ca1df37b830954e956831d2a17de1f461d746772efb9b705ac50b35483808567a83222203cc42e7b64e33f4d0d0d606e1e09299d2b15e0b861792f06c05033a69f21a7ca90add6db8dd6e622b6d134c6188bb1042a866381963d0740df3d3a6c3605b1d6c7254a9afbbceac2928e97f40f5e5cf61fc5236001d3a76234347dab480d85f1a8ac7efee5cbe72de6100ec38e837a923656dc6dbb1c972b9cb1cd72ab502a258ff0024480e5618f3d7901ea4f766ea7d005e15c3e27434346d4d1249afa6b46077fbe87b6fcc68686bd5f2bd7ed27ec64247c398e80aec8e9fe7a1a1af4015ea06b4f707faeab77192a3da78a97c97e15817f94683fe5a1a1a1ee7feba7780ff00ee13fa4fd457cb257db8f0cf715b2bea963915209a89581cc92c7508dca30319e49243d71d8e868686b5e54a9299e54517ddb7b97020eea35fffd9);

-- --------------------------------------------------------

--
-- Cấu trúc bảng cho bảng `baihat`
--

CREATE TABLE `baihat` (
  `ma_bh` int(11) NOT NULL,
  `ten_bh` varchar(255) NOT NULL,
  `anh_bh` varchar(255) NOT NULL,
  `ngaythem` datetime NOT NULL,
  `quocgia` varchar(255) NOT NULL,
  `link_bh` varchar(255) NOT NULL,
  `ma_ab` int(11) NOT NULL,
  `id_category` int(11) NOT NULL,
  `id_nghesi` int(11) NOT NULL
) ENGINE=InnoDB DEFAULT CHARSET=utf8mb4;

--
-- Đang đổ dữ liệu cho bảng `baihat`
--

INSERT INTO `baihat` (`ma_bh`, `ten_bh`, `anh_bh`, `ngaythem`, `quocgia`, `link_bh`, `ma_ab`, `id_category`, `id_nghesi`) VALUES
(2, 'Em của ngày hôm qua', 'em-cua-ngay-hom-qua.jpg', '2022-01-16 10:39:33', 'Việt Nam', 'https://tainhac123.com/listen/em-cua-ngay-hom-qua-son-tung-m-tp.9Fd4zVvPMIbf.html', 1, 17, 9),
(3, 'Chạy Ngay Đi', 'chay-ngay-di.jpg', '2022-01-16 10:39:33', 'Việt Nam', 'https://tainhac123.com/listen/chay-ngay-di-onionn-remix-son-tung-m-tp-ft-onionn.cOvEYrwcqP8m.html', 1, 18, 9),
(4, 'Chúng ta của hiện tại', 'chung-ta-cua-hien-tai.jpg', '2022-01-16 10:41:57', 'Việt Nam', 'https://tainhac123.com/listen/chung-ta-cua-hien-tai-beat-son-tung-m-tp.xJwdoNyEYovO.html', 2, 22, 9),
(5, 'Tìm lại bầu trời', 'tim-lai-bau-troi.jpg', '2022-01-16 10:43:25', 'Việt Nam', 'https://tainhac123.com/listen/tim-lai-bau-troi-tuan-hung.MoxAvffsjWxK.html', 9, 22, 17),
(6, 'Hãy Trao Cho Anh', 'hay-trao-cho-anh.jpg', '2022-01-16 10:45:29', 'Việt Nam', 'https://tainhac123.com/listen/hay-trao-cho-anh-son-tung-m-tp-ft-snoop-dogg.vtEybe9NxLw7.html', 1, 17, 9),
(8, 'Tình nhân ơi', 'tinh-nhan-oi.jpg', '2022-01-16 00:00:00', 'Việt Nam', 'https://tainhac123.com/listen/tinh-nhan-oi-superbrothers-ft-orange-ft-binz.2kDqw2cKwBVN.html', 5, 22, 23),
(11, 'Vì Sao Anh Cố Giấu ', 'vi-sao-anh-co-giau.jpg', '2022-01-18 00:00:00', 'Việt nam', 'https://tainhac123.com/listen/vi-sao-anh-co-giau-huong-tram.hdOvPhGO2odo.html', 6, 22, 10),
(12, 'Mang Tiền Về Cho Mẹ', 'denvau.jpg', '2022-01-18 00:00:00', 'Việt nam', 'https://tainhacmienphi.biz/get/song/api/352584', 7, 16, 8),
(13, 'Anh Không Đòi Quà', 'anh-ko-doi-qua.jpg', '2022-01-18 00:00:00', 'Việt nam', 'https://tainhac123.com/listen/anh-khong-doi-qua-karik-ft-onlyc.jGd4lqhGAXoq.html', 8, 20, 25),
(14, 'Big city boi', 'big-city-boy.jpg', '2021-12-29 00:00:00', 'Việt nam', 'https://data3.chiasenhac.com/downloads/2100/2/2099985-5615962a/128/Big%20City%20Boi%20-%20Binz_%20Touliver.mp3', 5, 16, 23),
(15, 'Duyên Phận', 'dhl.jpg', '2022-01-05 00:00:00', 'Việt nam', 'https://tainhac123.com/listen/duyen-phan-duong-hong-loan.B2RGpuI3rWgI.html', 10, 15, 27);

-- --------------------------------------------------------

--
-- Cấu trúc bảng cho bảng `categories`
--

CREATE TABLE `categories` (
  `id_category` int(11) NOT NULL,
  `ten` varchar(255) NOT NULL,
  `anh` varchar(255) NOT NULL,
  `maunen` varchar(255) NOT NULL
) ENGINE=InnoDB DEFAULT CHARSET=utf8mb4;

--
-- Đang đổ dữ liệu cho bảng `categories`
--

INSERT INTO `categories` (`id_category`, `ten`, `anh`, `maunen`) VALUES
(15, 'Bolero', 'bolero.jpg', 'rgb(161, 182, 96)'),
(16, 'Rap', 'rap.jpg', 'rgb(20, 138, 8)'),
(17, 'Nhạc dance', 'nhac-dance.jpg', 'rgb(215, 242, 125)'),
(18, 'Pop', 'pop.jpg', 'rgb(180, 155, 200)'),
(20, 'Hip hop', 'nhac-dance.jpg', 'rgb(119, 119, 11)'),
(22, 'Balad', 'balad.png', 'rgb(245, 155, 35)');

-- --------------------------------------------------------

--
-- Cấu trúc bảng cho bảng `nghesi`
--

CREATE TABLE `nghesi` (
  `id_nghesi` int(11) NOT NULL,
  `ten_nghesi` varchar(255) NOT NULL,
  `anh_nghesi` varchar(255) NOT NULL
) ENGINE=InnoDB DEFAULT CHARSET=utf8mb4;

--
-- Đang đổ dữ liệu cho bảng `nghesi`
--

INSERT INTO `nghesi` (`id_nghesi`, `ten_nghesi`, `anh_nghesi`) VALUES
(8, 'Đen Vâu', 'denvau.jpg'),
(9, 'Sơn Tùng MT-P', 'anh-cua-son-tung.jpg'),
(10, 'Hương Tràm', 'huong-tram.jpg'),
(17, 'Tuấn Hưng', 'tim-lai-bau-troi.jpg'),
(23, 'Binz', 'binz.jpg'),
(25, 'Karik', 'krik.jpeg'),
(27, 'Dương Hồng Loan', 'duong-hong-loan.jpg');

-- --------------------------------------------------------

--
-- Cấu trúc bảng cho bảng `nguoidung`
--

CREATE TABLE `nguoidung` (
  `ma_nguoidung` int(11) NOT NULL,
  `ten_nguoidung` varchar(50) NOT NULL,
  `ngay` int(11) NOT NULL,
  `thang` int(11) NOT NULL,
  `nam` int(11) NOT NULL,
  `email` varchar(30) NOT NULL,
  `matkhau` varchar(10) NOT NULL,
  `gioitinh` varchar(30) NOT NULL,
  `quoctich` varchar(30) NOT NULL,
  `status` int(11) NOT NULL,
  `email_verification_link` varchar(255) NOT NULL,
  `email_verified_at` varchar(255) NOT NULL
) ENGINE=InnoDB DEFAULT CHARSET=utf8mb4;

--
-- Đang đổ dữ liệu cho bảng `nguoidung`
--

INSERT INTO `nguoidung` (`ma_nguoidung`, `ten_nguoidung`, `ngay`, `thang`, `nam`, `email`, `matkhau`, `gioitinh`, `quoctich`, `status`, `email_verification_link`, `email_verified_at`) VALUES
(3, 'abc', 30, 10, 2000, 'dduy961@gmail.com', '$2y$10$Ozv', 'Nam', 'Việt Nam', 1, 'b7230c905b838557720874e0913b7c2a9328', '2022-01-10 02:38:14'),
(0, 'Đức Duy Nguyễn', 30, 10, 2000, 'duydev18@gmail.com', '$2y$10$8Lw', 'Nam', 'Việt Nam', 0, 'fb5a7f55be37ff6cbbcc25848e0ae90f8283', '');

-- --------------------------------------------------------

--
-- Cấu trúc bảng cho bảng `user_admin`
--

CREATE TABLE `user_admin` (
  `id_ad` int(11) NOT NULL,
  `name_ad` varchar(255) NOT NULL,
  `matkhau_ad` varchar(255) NOT NULL
) ENGINE=InnoDB DEFAULT CHARSET=utf8mb4;

--
-- Đang đổ dữ liệu cho bảng `user_admin`
--

INSERT INTO `user_admin` (`id_ad`, `name_ad`, `matkhau_ad`) VALUES
(1, 'admin', 'admin');

-- --------------------------------------------------------

--
-- Cấu trúc bảng cho bảng `yeuthich`
--

CREATE TABLE `yeuthich` (
  `id` int(11) NOT NULL,
  `id_user` int(11) NOT NULL,
  `id_baihat` int(11) NOT NULL
) ENGINE=InnoDB DEFAULT CHARSET=utf8 COLLATE=utf8_unicode_ci;

--
-- Đang đổ dữ liệu cho bảng `yeuthich`
--

INSERT INTO `yeuthich` (`id`, `id_user`, `id_baihat`) VALUES
(5, 0, 7),
(7, 0, 6),
(9, 3, 3),
(10, 3, 5),
(13, 3, 7),
(14, 3, 6),
(16, 3, 4),
(17, 3, 8),
(18, 0, 8),
(19, 0, 5),
(20, 3, 2),
(23, 3, 12);

--
-- Chỉ mục cho các bảng đã đổ
--

--
-- Chỉ mục cho bảng `album`
--
ALTER TABLE `album`
  ADD PRIMARY KEY (`ma_ab`),
  ADD KEY `id_nghesi` (`id_nghesi`);

--
-- Chỉ mục cho bảng `anh`
--
ALTER TABLE `anh`
  ADD PRIMARY KEY (`id`);

--
-- Chỉ mục cho bảng `baihat`
--
ALTER TABLE `baihat`
  ADD PRIMARY KEY (`ma_bh`),
  ADD KEY `id_category` (`id_category`),
  ADD KEY `id_nghesi` (`id_nghesi`),
  ADD KEY `ma_ab` (`ma_ab`);

--
-- Chỉ mục cho bảng `categories`
--
ALTER TABLE `categories`
  ADD PRIMARY KEY (`id_category`);

--
-- Chỉ mục cho bảng `nghesi`
--
ALTER TABLE `nghesi`
  ADD PRIMARY KEY (`id_nghesi`);

--
-- Chỉ mục cho bảng `yeuthich`
--
ALTER TABLE `yeuthich`
  ADD PRIMARY KEY (`id`);

--
-- AUTO_INCREMENT cho các bảng đã đổ
--

--
-- AUTO_INCREMENT cho bảng `album`
--
ALTER TABLE `album`
  MODIFY `ma_ab` int(11) NOT NULL AUTO_INCREMENT, AUTO_INCREMENT=11;

--
-- AUTO_INCREMENT cho bảng `anh`
--
ALTER TABLE `anh`
  MODIFY `id` int(11) NOT NULL AUTO_INCREMENT, AUTO_INCREMENT=3;

--
-- AUTO_INCREMENT cho bảng `baihat`
--
ALTER TABLE `baihat`
  MODIFY `ma_bh` int(11) NOT NULL AUTO_INCREMENT, AUTO_INCREMENT=16;

--
-- AUTO_INCREMENT cho bảng `categories`
--
ALTER TABLE `categories`
  MODIFY `id_category` int(11) NOT NULL AUTO_INCREMENT, AUTO_INCREMENT=25;

--
-- AUTO_INCREMENT cho bảng `nghesi`
--
ALTER TABLE `nghesi`
  MODIFY `id_nghesi` int(11) NOT NULL AUTO_INCREMENT, AUTO_INCREMENT=28;

--
-- AUTO_INCREMENT cho bảng `yeuthich`
--
ALTER TABLE `yeuthich`
  MODIFY `id` int(11) NOT NULL AUTO_INCREMENT, AUTO_INCREMENT=24;

--
-- Các ràng buộc cho các bảng đã đổ
--

--
-- Các ràng buộc cho bảng `album`
--
ALTER TABLE `album`
  ADD CONSTRAINT `album_ibfk_1` FOREIGN KEY (`id_nghesi`) REFERENCES `nghesi` (`id_nghesi`);

--
-- Các ràng buộc cho bảng `baihat`
--
ALTER TABLE `baihat`
  ADD CONSTRAINT `baihat_ibfk_1` FOREIGN KEY (`id_category`) REFERENCES `categories` (`id_category`),
  ADD CONSTRAINT `baihat_ibfk_2` FOREIGN KEY (`id_nghesi`) REFERENCES `nghesi` (`id_nghesi`),
  ADD CONSTRAINT `baihat_ibfk_3` FOREIGN KEY (`ma_ab`) REFERENCES `album` (`ma_ab`);
COMMIT;

/*!40101 SET CHARACTER_SET_CLIENT=@OLD_CHARACTER_SET_CLIENT */;
/*!40101 SET CHARACTER_SET_RESULTS=@OLD_CHARACTER_SET_RESULTS */;
/*!40101 SET COLLATION_CONNECTION=@OLD_COLLATION_CONNECTION */;
